{
	"class_name" : "PinholeCameraParameters",
	"extrinsic" : 
	[
		0.84413338546086725,
		-0.0031443801586557227,
		-0.53612399724671234,
		0.0,
		-0.058858895373796988,
		-0.99448188071336052,
		-0.08684134596028481,
		0.0,
		-0.53289253887228638,
		0.1048613456247597,
		-0.83966043148883318,
		0.0,
		-0.14663999998849145,
		0.065122017556467376,
		-0.009471978861974012,
		1.0
	],
	"intrinsic" : 
	{
		"height" : 1080,
		"intrinsic_matrix" : 
		[
			935.30743608719376,
			0.0,
			0.0,
			0.0,
			935.30743608719376,
			0.0,
			959.5,
			539.5,
			1.0
		],
		"width" : 1920
	},
	"version_major" : 1,
	"version_minor" : 0
}