{
	"class_name" : "PinholeCameraParameters",
	"extrinsic" : 
	[
		0.84413338546086725,
		-0.0031443801586557435,
		-0.53612399724671234,
		0.0,
		-0.058858895373797016,
		-0.99448188071336052,
		-0.08684134596028481,
		0.0,
		-0.53289253887228638,
		0.10486134562475971,
		-0.83966043148883318,
		0.0,
		-0.14663999998849145,
		0.065122017556467376,
		-0.009471978861974012,
		1.0
	],
	"intrinsic" : 
	{
		"height" : 1699,
		"intrinsic_matrix" : 
		[
			1471.3771610297613,
			0.0,
			0.0,
			0.0,
			1471.3771610297613,
			0.0,
			1367.5,
			849.0,
			1.0
		],
		"width" : 2736
	},
	"version_major" : 1,
	"version_minor" : 0
}